Тип;Файл;Этап или раздел;Путь;Статус
page;ТЗ Главная страница Pozharnik.kz.docx;Этап 1;Этап 1/ТЗ Главная страница Pozharnik.kz.docx;"ТЗ обновлено 08.10.2026; внедрение требует приёмки"
page;ТЗ Калькулятор аудита Pozharnik.kz.docx;Этап 1;Этап 1/ТЗ Калькулятор аудита Pozharnik.kz.docx;"ТЗ обновлено 08.10.2026; внедрение требует приёмки"
page;ТЗ Калькулятор монтажа Pozharnik.kz итоговое.docx;Этап 1;Этап 1/ТЗ Калькулятор монтажа Pozharnik.kz итоговое.docx;"ТЗ обновлено 08.10.2026; внедрение требует приёмки"
page;ТЗ Калькулятор обслуживания Pozharnik.kz.docx;Этап 1;Этап 1/ТЗ Калькулятор обслуживания Pozharnik.kz.docx;"ТЗ обновлено 08.10.2026; внедрение требует приёмки"
page;ТЗ обслуживание пожарной сигнализации.docx;Этап 1;Этап 1/ТЗ обслуживание пожарной сигнализации.docx;"ТЗ обновлено 08.10.2026; внедрение требует приёмки"
page;ТЗ Пожарный аудит Pozharnik.kz.docx;Этап 1;Этап 1/ТЗ Пожарный аудит Pozharnik.kz.docx;"ТЗ обновлено 08.10.2026; внедрение требует приёмки"
page;ТЗ Срочная помощь Pozharnik.kz.docx;Этап 1;Этап 1/ТЗ Срочная помощь Pozharnik.kz.docx;"ТЗ обновлено 08.10.2026; внедрение требует приёмки"
page;ТЗ страницы Хаб калькуляторов Pozharnik.kz.docx;Этап 1;Этап 1/ТЗ страницы Хаб калькуляторов Pozharnik.kz.docx;"ТЗ обновлено 08.10.2026; внедрение требует приёмки"
page;ТЗ_страницы_Монтаж_пожарной_сигнализации_Pozharnik.kz.docx;Этап 1;Этап 1/ТЗ_страницы_Монтаж_пожарной_сигнализации_Pozharnik.kz.docx;"ТЗ обновлено 08.10.2026; внедрение требует приёмки"
page;ТЗ страницы Испытание пожарных кранов Pozharnik.kz.docx;Этап 2;Этап 2/ТЗ страницы Испытание пожарных кранов Pozharnik.kz.docx;"ТЗ обновлено 08.10.2026; внедрение требует приёмки"
page;ТЗ страницы Калькулятор огнетушителей Pozharnik.kz.docx;Этап 2;Этап 2/ТЗ страницы Калькулятор огнетушителей Pozharnik.kz.docx;"ТЗ обновлено 08.10.2026; внедрение требует приёмки"
page;ТЗ страницы Калькулятор планов эвакуации Pozharnik.kz.docx;Этап 2;Этап 2/ТЗ страницы Калькулятор планов эвакуации Pozharnik.kz.docx;"ТЗ обновлено 08.10.2026; внедрение требует приёмки"
page;ТЗ страницы Перезарядка огнетушителей Pozharnik.kz.docx;Этап 2;Этап 2/ТЗ страницы Перезарядка огнетушителей Pozharnik.kz.docx;"ТЗ обновлено 08.10.2026; внедрение требует приёмки"
page;ТЗ страницы Планы эвакуации Pozharnik.kz.docx;Этап 2;Этап 2/ТЗ страницы Планы эвакуации Pozharnik.kz.docx;"ТЗ обновлено 08.10.2026; внедрение требует приёмки"
page;ТЗ страницы Стресс-тест пожарной системы Pozharnik.kz.docx;Этап 2;Этап 2/ТЗ страницы Стресс-тест пожарной системы Pozharnik.kz.docx;"ТЗ обновлено 08.10.2026; внедрение требует приёмки"
page;ТЗ страницы Кейсы Pozharnik.kz.docx;Этап 3;Этап 3/ТЗ страницы Кейсы Pozharnik.kz.docx;"ТЗ обновлено 08.10.2026; внедрение требует приёмки"
page;ТЗ страницы Команда Pozharnik.kz.docx;Этап 3;Этап 3/ТЗ страницы Команда Pozharnik.kz.docx;"ТЗ обновлено 08.10.2026; внедрение требует приёмки"
page;ТЗ страницы Контакты Pozharnik.kz.docx;Этап 3;Этап 3/ТЗ страницы Контакты Pozharnik.kz.docx;"ТЗ обновлено 08.10.2026; внедрение требует приёмки"
page;ТЗ страницы Лицензии Pozharnik.kz.docx;Этап 3;Этап 3/ТЗ страницы Лицензии Pozharnik.kz.docx;"ТЗ обновлено 08.10.2026; внедрение требует приёмки"
page;ТЗ страницы О компании Pozharnik.kz.docx;Этап 3;Этап 3/ТЗ страницы О компании Pozharnik.kz.docx;"ТЗ обновлено 08.10.2026; внедрение требует приёмки"
page;ТЗ страницы Отзывы Pozharnik.kz.docx;Этап 3;Этап 3/ТЗ страницы Отзывы Pozharnik.kz.docx;"ТЗ обновлено 08.10.2026; внедрение требует приёмки"
page;ТЗ страницы Адресная и пороговая АПС Pozharnik.kz.docx;Этап 4;Этап 4/ТЗ страницы Адресная и пороговая АПС Pozharnik.kz.docx;"ТЗ обновлено 08.10.2026; внедрение требует приёмки"
page;ТЗ страницы Как отключить или сбросить сигнализацию Pozharnik.kz.docx;Этап 4;Этап 4/ТЗ страницы Как отключить или сбросить сигнализацию Pozharnik.kz.docx;"ТЗ обновлено 08.10.2026; внедрение требует приёмки"
page;ТЗ страницы Ложные срабатывания Pozharnik.kz.docx;Этап 4;Этап 4/ТЗ страницы Ложные срабатывания Pozharnik.kz.docx;"ТЗ обновлено 08.10.2026; внедрение требует приёмки"
page;ТЗ страницы Периодичность обслуживания АПС Pozharnik.kz.docx;Этап 4;Этап 4/ТЗ страницы Периодичность обслуживания АПС Pozharnik.kz.docx;"ТЗ обновлено 08.10.2026; внедрение требует приёмки"
page;ТЗ страницы Правила пожарной безопасности РК Pozharnik.kz.docx;Этап 4;Этап 4/ТЗ страницы Правила пожарной безопасности РК Pozharnik.kz.docx;"ТЗ обновлено 08.10.2026; внедрение требует приёмки"
page;ТЗ страницы Прибор показывает неисправность Pozharnik.kz.docx;Этап 4;Этап 4/ТЗ страницы Прибор показывает неисправность Pozharnik.kz.docx;"ТЗ обновлено 08.10.2026; внедрение требует приёмки"
page;ТЗ страницы Приказ МЧС РК №55 Pozharnik.kz.docx;Этап 4;Этап 4/ТЗ страницы Приказ МЧС РК №55 Pozharnik.kz.docx;"ТЗ обновлено 08.10.2026; внедрение требует приёмки"
page;ТЗ страницы Проверка ДЧС Pozharnik.kz.docx;Этап 4;Этап 4/ТЗ страницы Проверка ДЧС Pozharnik.kz.docx;"ТЗ обновлено 08.10.2026; внедрение требует приёмки"
page;ТЗ страницы Противопожарные инструктажи Pozharnik.kz.docx;Этап 4;Этап 4/ТЗ страницы Противопожарные инструктажи Pozharnik.kz.docx;"ТЗ обновлено 08.10.2026; внедрение требует приёмки"
page;ТЗ страницы Стоимость пожарной сигнализации Pozharnik.kz.docx;Этап 4;Этап 4/ТЗ страницы Стоимость пожарной сигнализации Pozharnik.kz.docx;"ТЗ обновлено 08.10.2026; внедрение требует приёмки"
page;ТЗ Этап 5 Документы для привлечения ЛПР Pozharnik.kz.docx;Этап 5;Этап 5/ТЗ Этап 5 Документы для привлечения ЛПР Pozharnik.kz.docx;"ТЗ обновлено 08.10.2026; внедрение требует приёмки"
page;ТЗ страницы Монтаж АПС для кафе и ресторана Pozharnik.kz.docx;Этап 6;Этап 6/ТЗ страницы Монтаж АПС для кафе и ресторана Pozharnik.kz.docx;"ТЗ обновлено 08.10.2026; внедрение требует приёмки"
page;ТЗ страницы Монтаж АПС для магазина Pozharnik.kz.docx;Этап 6;Этап 6/ТЗ страницы Монтаж АПС для магазина Pozharnik.kz.docx;"ТЗ обновлено 08.10.2026; внедрение требует приёмки"
page;ТЗ страницы Монтаж АПС для медицинского центра Pozharnik.kz.docx;Этап 6;Этап 6/ТЗ страницы Монтаж АПС для медицинского центра Pozharnik.kz.docx;"ТЗ обновлено 08.10.2026; внедрение требует приёмки"
page;ТЗ страницы Монтаж АПС для офиса Pozharnik.kz.docx;Этап 6;Этап 6/ТЗ страницы Монтаж АПС для офиса Pozharnik.kz.docx;"ТЗ обновлено 08.10.2026; внедрение требует приёмки"
page;ТЗ страницы Монтаж АПС для производства Pozharnik.kz.docx;Этап 6;Этап 6/ТЗ страницы Монтаж АПС для производства Pozharnik.kz.docx;"ТЗ обновлено 08.10.2026; внедрение требует приёмки"
page;ТЗ страницы Монтаж АПС для склада Pozharnik.kz.docx;Этап 6;Этап 6/ТЗ страницы Монтаж АПС для склада Pozharnik.kz.docx;"ТЗ обновлено 08.10.2026; внедрение требует приёмки"
page;ТЗ страницы Автоматическое пожаротушение Pozharnik.kz.docx;Этап 7;Этап 7/ТЗ страницы Автоматическое пожаротушение Pozharnik.kz.docx;"ТЗ обновлено 08.10.2026; внедрение требует приёмки"
page;ТЗ страницы Антитеррористическая защищенность Pozharnik.kz.docx;Этап 7;Этап 7/ТЗ страницы Антитеррористическая защищенность Pozharnik.kz.docx;"ТЗ обновлено 08.10.2026; внедрение требует приёмки"
page;ТЗ страницы Замер сопротивления изоляции Pozharnik.kz.docx;Этап 7;Этап 7/ТЗ страницы Замер сопротивления изоляции Pozharnik.kz.docx;"ТЗ обновлено 08.10.2026; внедрение требует приёмки"
page;ТЗ страницы Испытание пожарных лестниц Pozharnik.kz.docx;Этап 7;Этап 7/ТЗ страницы Испытание пожарных лестниц Pozharnik.kz.docx;"ТЗ обновлено 08.10.2026; внедрение требует приёмки"
page;ТЗ страницы Модернизация АПС Pozharnik.kz.docx;Этап 7;Этап 7/ТЗ страницы Модернизация АПС Pozharnik.kz.docx;"ТЗ обновлено 08.10.2026; внедрение требует приёмки"
page;ТЗ страницы Обучение пожарной безопасности Pozharnik.kz.docx;Этап 7;Этап 7/ТЗ страницы Обучение пожарной безопасности Pozharnik.kz.docx;"ТЗ обновлено 08.10.2026; внедрение требует приёмки"
page;ТЗ страницы Огнезащитная обработка Pozharnik.kz.docx;Этап 7;Этап 7/ТЗ страницы Огнезащитная обработка Pozharnik.kz.docx;"ТЗ обновлено 08.10.2026; внедрение требует приёмки"
page;ТЗ страницы Проектирование АПС Pozharnik.kz.docx;Этап 7;Этап 7/ТЗ страницы Проектирование АПС Pozharnik.kz.docx;"ТЗ обновлено 08.10.2026; внедрение требует приёмки"
page;ТЗ страницы Ремонт АПС Pozharnik.kz.docx;Этап 7;Этап 7/ТЗ страницы Ремонт АПС Pozharnik.kz.docx;"ТЗ обновлено 08.10.2026; внедрение требует приёмки"
page;ТЗ страницы Система оповещения СОУЭ Pozharnik.kz.docx;Этап 7;Этап 7/ТЗ страницы Система оповещения СОУЭ Pozharnik.kz.docx;"ТЗ обновлено 08.10.2026; внедрение требует приёмки"
page;ТЗ страницы Смена подрядчика Pozharnik.kz.docx;Этап 1;Этап 1/ТЗ страницы Смена подрядчика Pozharnik.kz.docx;"ТЗ обновлено 08.10.2026; внедрение требует приёмки"
page;ТЗ страницы Пакеты обслуживания Pozharnik.kz.docx;Этап 1;Этап 1/ТЗ страницы Пакеты обслуживания Pozharnik.kz.docx;"ТЗ обновлено 08.10.2026; внедрение требует приёмки"
page;ТЗ страницы 404 Pozharnik.kz.docx;Этап 9;Этап 9/ТЗ страницы 404 Pozharnik.kz.docx;"ТЗ обновлено 08.10.2026; внедрение требует приёмки"
page;ТЗ страницы Миссия Pozharnik.kz.docx;Этап 9;Этап 9/ТЗ страницы Миссия Pozharnik.kz.docx;"ТЗ обновлено 08.10.2026; внедрение требует приёмки"
page;ТЗ страницы Партнерам Pozharnik.kz.docx;Этап 9;Этап 9/ТЗ страницы Партнерам Pozharnik.kz.docx;"ТЗ обновлено 08.10.2026; внедрение требует приёмки"
page;ТЗ страницы Политика конфиденциальности Pozharnik.kz.docx;Этап 9;Этап 9/ТЗ страницы Политика конфиденциальности Pozharnik.kz.docx;"ТЗ обновлено 08.10.2026; внедрение требует приёмки"
page;ТЗ страницы Пользовательское соглашение Pozharnik.kz.docx;Этап 9;Этап 9/ТЗ страницы Пользовательское соглашение Pozharnik.kz.docx;"ТЗ обновлено 08.10.2026; внедрение требует приёмки"
page;ТЗ страницы Результаты калькуляторов Pozharnik.kz.docx;Этап 9;Этап 9/ТЗ страницы Результаты калькуляторов Pozharnik.kz.docx;"ТЗ обновлено 08.10.2026; внедрение требует приёмки"
page;ТЗ страницы Успешная отправка Pozharnik.kz.docx;Этап 9;Этап 9/ТЗ страницы Успешная отправка Pozharnik.kz.docx;"ТЗ обновлено 08.10.2026; внедрение требует приёмки"
page;09_ТЗ_страница_Кузет_ритейл_Pozharnik_v1_1.docx;Этап 1;Этап 1/09_ТЗ_страница_Кузет_ритейл_Pozharnik_v1_1.docx;"ТЗ обновлено 08.10.2026; внедрение требует приёмки"
analytics;04_ТЗ_аналитика_страниц_Pozharnik_v1_7_Стандартный.docx;00 Общие ТЗ и интеграции;00 Общие ТЗ и интеграции/04_ТЗ_аналитика_страниц_Pozharnik_v1_7_Стандартный.docx;"ТЗ обновлено 08.10.2026; внедрение требует приёмки"
crm;05_ТЗ_Bitrix24_аналитика_Pozharnik_v1_28_Стандартный_тариф.docx;00 Общие ТЗ и интеграции;00 Общие ТЗ и интеграции/05_ТЗ_Bitrix24_аналитика_Pozharnik_v1_28_Стандартный_тариф.docx;"ТЗ обновлено 08.10.2026; внедрение требует приёмки"
ads;06_ТЗ_настройка_Google_Ads_Pozharnik_v1_5_Стандартный.docx;00 Общие ТЗ и интеграции;00 Общие ТЗ и интеграции/06_ТЗ_настройка_Google_Ads_Pozharnik_v1_5_Стандартный.docx;"ТЗ обновлено 08.10.2026; внедрение требует приёмки"
app1;07_Приложение_1_Google_Ads_Монтаж_АПС_Pozharnik_v1_1.docx;00 Общие ТЗ и интеграции;00 Общие ТЗ и интеграции/07_Приложение_1_Google_Ads_Монтаж_АПС_Pozharnik_v1_1.docx;"ТЗ обновлено 08.10.2026; внедрение требует приёмки"
app2;08_Приложение_2_Google_Ads_Обслуживание_АПС_Pozharnik_v1_1.docx;00 Общие ТЗ и интеграции;00 Общие ТЗ и интеграции/08_Приложение_2_Google_Ads_Обслуживание_АПС_Pozharnik_v1_1.docx;"ТЗ обновлено 08.10.2026; внедрение требует приёмки"
contract;03_Единый_контракт_данных_Pozharnik_v1_7_Стандартный.docx;00 Общие ТЗ и интеграции;00 Общие ТЗ и интеграции/03_Единый_контракт_данных_Pozharnik_v1_7_Стандартный.docx;"ТЗ обновлено 08.10.2026; внедрение требует приёмки"
